1,再度更新！被西电老师的善良感动了数电项目和微处理器大作业推迟到一月提交了。虽然jwc不当人，但西电的老师是真的挺好的꒰❤ᐡ❤ෆ͙꒱。至少现在活了一半了。——————为了给这问题涨点热度，顺便让校外人员理解具体情况，我把事情大概都说一下。首先我是西电通院大二的。其他院的暂且不论，只说通院，大二从10月1号开始变魔幻，国庆假当时通知用proteus做个仿真和pcb布线，那个国庆七天假，熬了三天夜在搞这个。我以为这只是偶然，没想到这只是开始。首先是电子线路实验同学遇到问题问某老师被老师阴阳怪气嘲讽，再到微处理器实验完全不按课表来，学生必须在自己有限的时候内自己解决上课和实验处于同一时间的问题，自己找人换课。后来又出现实验课先于理论课导致实验课没一个人做出来，老师自己乱改题目结果自己都不会做的情况。后来，最最最ex的实验，通信电子设计实践开始作妖了，首先是从学期末做完所有实验即可变成了11月26号截止所有实验报告提交，再到在极短的时间内安排一个广和通的项目让我们自己从零开始做，学校只安排了一些不明所以的辅导于是乎通信工程变成了通宵工程，竹园宿舍楼晚上大厅的位置被做广和通的人挤爆了，甚至因为竹园寝室断电，为了调试小组的人半夜12点跑到洗衣房去做（洗衣房不断电）。好不容易搞定了广和通，然后数电fpga的项目全得自学自己做，这其实还好，但搞完广和通，开始做fpga的项目时，考试提前了。而且这还不是一次简单的提前，之前就有传言说考试提前教务处特地发通知说都是谣言，不可能提前的，昨天晚上，多个老师说考试提前，然而数电大项目才做一点，微处理器大作业没动，这周六有英语四六级，下周还有物理实验考试，现在课都没上完然后考试提前到了下周。然后就出现了如下情景————————以下是原回答《除非学校疯了》《不信谣不传谣》
2,啊哈哈哈哈考试来咯唉，这科目都齐了怎么还不复习啊班长，这老师都给辟谣了，不着急复习啊嘿咻咻，今天又是谁要陷害我啊，王课代表是你吗你若是真确定考试，你就现在开始复习啊……好，我复习哎呀，这考试复习多是一件美逝啊。不急不慢，感觉真是好极了。诶这我都复习了大家怎么都不复习啊复习，都给我复习啊！我就是大名鼎鼎的西电高级双料学生，代号穿衫甲我复习了，肯定是得考了，你们不复习，也都别想逃！我卷死你们那·就·来·吧导员老师，宗凯陛下，我滴任务完成啦哈哈哈哈哈！？nnd，给我玩阴的是吧！
3,再更有同学和教务处通电话，有这么一段（大意）学生：您不是说在学生里调研过了吗，那您现在可以在官网发一个调研一下教务处：现在疫情教育部部署都需要进行调研吗？教务处：你们学生有怨言都是学生自己的问题教务处：赶紧去复习更一波空间看到的真的猛士，敢于直面惨淡的人生，敢于正视淋漓的鲜血此后如竟没有炬火，他便是唯一的光建议快热搜
4,不把西电20级当人呗，复习，两个大作业，两次下午上机，总共这些加起来就只有6天。11门考试，上辈子杀人放火这辈子来西电上学
5,前面有人传提前考试了，教务处辟谣。现在谣言要变成现实了，大家慌了，我也慌了。啥都没学。下周考试。寄。
6,领导们的一次会议上上，主持人说：下面请认为提前期末考的同志坐到会场的左边，认为不提前期末考的同志坐到会场右边。大部分人坐到了左边，少数人坐到右边，只有一个人还坐在中间不动。主持人：那位同志，你到底认为提前期末考好还是不提前期末考好？回答：我认为应该偷偷提前期末考，并且不告诉同学们考试安排。主持人慌忙说：那请您赶快坐到主席台上来，亲爱的教务处主任。
7,我是失望透顶，校历早在开学前就已经标清楚了安排，就算前期因为军训取消，那也是从九月一号到十二月，整整三个月你不做安排，偏偏在2021/12/14出具体的安排时间，我想请问贵校教务处之前三个月时间你们在干什么?还有在上周，进行所谓辟谣，同时对部分课程加课。但是这周已经天翻地覆，这就是你电朝令夕改的行政工作?明明知道12月17日大二的课就结了，为什么不提前作为?为什么不提前通知?为什么没有一个人站出来说一句明确的话?全要考学生自己打电话去问，自己去推测?我是否可以理解为这是不作为，庸政懒政。最近几天西安出现了新的新冠患者，这时候你们才开始行动，这是不是侧面说明了你们害怕担责任，我并不能将这理解为所谓为学生考虑。这样的事已经不是第一次发生了。上一次，是因为西安疫情的排队进教学楼事件，绝大多数人都不知道该通知，致使教学延滞，还有在90周年汇演，同学们都付出巨大的时间精力，但是，疫情已经发生，却不知道早下决定，直到活动前最多一周才通知，这些都是真实发生的。贵校“全心全意为人民服务”的题词，每一次都是“我为师生办事实”，但是究竟有多少进了同学，老师们的心坎?那么我是否可以推断，学校双一流B类评不上是合理的，我并不能认为在顶尖高校发生这种事是正常的。既然如此，那么贵校同学称贵校为电专也不无道理。余虽好修姱以鞿羁兮，謇朝谇而夕替。累了。
8,说是疫情原因，但北京也有几例，北邮早通知线上考试了（好像又改了，同命相怜啊），你电憋着不让你知道。而且只提前大二的考试，大一大三不影响？只给大二的传染是吧？？四六级，考研，物理实验考试，全堆一起了，教学楼腾的出来吗？到现在也就给个时间，具体考啥？还装死着呢（终于鸽出来了，但院选科目仍没消息）前段时间的辟谣显得苍白无力，哈哈喜事成真了教务处这么多人凑不出一个共享的马是吧摆了摆了学不完了
9,苟命匿了教务处电话录音真的很有意思一个星期前信誓旦旦说不会提前，哪个老师说提前学生可以举报到纪委那去现在说没有提前，只是因为没有军训所以结课就考试。噢，真就官僚作风？玩文字游戏？我不太明白，没有军训你就改校历，有什么通知在明面上说，因为没有军训的提前就不叫提前了吗？还有，跟学生玩文字游戏有意思吗，你代表学校，我是这个学校的学生，我感受到的不是学校为学生着想，而是文字游戏、不守信用、赤裸裸的欺骗。我不理解，为什么不能真诚一点，为什么不能互相体谅，你高高的舒舒服服的坐在你的教务处办公室里，你“理直气壮”说不是提前，为什么不亲自来看看被七八门专业课加实验报告压的喘不过气来的学生们。你们，何不食肉糜？学生不是你们的主体，领导才是是吧？这个学校学生不是最主要的领导才是最主要的是吧？马原告诉我，人民群众是历史的主体，是历史的创造者。学生是让西电得以辉煌的主体，而不是你们教务处领导。如此不真诚的对待学生，没意思，真的没意思。
10,"西电，窝囸泥仙人！TM期末考试延期了不早说老子TM昨天问教导处期末考试延不延期TM那孙子还信誓旦旦保证正常进行，TM你个***西电先说17,18周多上两节课所有人都以为一月份考，结果你TM直接悄无声息地上波大分TM你个***怎么不早说TM红色传统是吧，革命摇篮是吧TM沃日我你仙人TM12月还有四级，还有机考，TM工程概论创业基础形势与政策数值分析概率论一堆乱七八糟的大作业你来给老子写？TM你个***老子***。TM老是犯病是吧TM校园网那么垃圾老子去综合楼买东西都扫不了吗TM你还不知道更新一下。TM老是犯病是吧，6点到7点之间凭什么不能打卡，TM我就不能5点半下课了去操场跑两圈再吃饭？TM非要让老子在大晚上去打卡。TM老是犯病是吧，TM热水断了多少次了，TM暖气迟迟来不了害的老子还得挨冻看EDG比赛，窝囸妮玛！TM老是犯病是吧，TM上次说什么领导要来检查搞得AB楼都得戴口罩才能进去还得一个一个检查，TM你还不早点说TM害的一堆人排了半天队TM队伍都排到了食堂TM红色传统给你脸了？TM红色传统没学到官僚作风倒是学了TM一大堆。TM我们大二的为什么不能排到29号到6号，非得在12月考完？啊？TM31号到6号这七天为什么不能考试？TM***这七天校长想带老师出去公款旅游吃喝完了是吧。TM活该你不是985呵呵呵双一流只不过是遮羞布，被西交大，西工大，西农大三大985压榨地只能掏出所谓的“红色传统”，哈哈哈哈你不过是个211罢了！就这还想跟成电比连西北农业大学都比不过，还有脸搁着宣扬“红色传统”老子TM早知道去新疆大学都不来这破学校！"
11,没事，熬夜冲就完了，冲不过就寄，卷累了，卷不动了
12,很久没有想写点东西的欲望了，没想到这次想写点什么是因为这样一件让人啼笑皆非的事。这篇文章大概会很长，只是一些个人吐槽，祭奠一下我的大二上学期吧。以下文字仅个人意见，杠就你对。继华东理工大学、广东医科大学先后登上知乎热搜榜，我抱着吃瓜的心态，旁观一场场高校闹剧之余，心里暗自猜测下一位“幸运儿”会是谁。原来是我们啊，那没事了。与其他学校因为“男女生问题”登榜不同，我校独树一帜，以其反复横跳、顶级拉扯秘技，蹭上了2021年最后一个热度。作为大二微院的学生，这学期对我们来说可以说是有些艰难（不排除某些大佬觉得还好）。首先是10门课直接砸过来，也不管什么理性的上课逻辑。遂出现：量子力学惊现数理方程未掌握之分离变量法内容，数理方程惊现未讲过之梯度散度旋度的场论内容。大学物理、热力学与统计物理、量子力学，三门课一起学，我确实不明白这三门内是否有内在的逻辑关系，但我总觉得，怎么着这三门也不是能同一时间学的。还有量子力学教材编排混乱的事我们暂且不表，这大概不是一年半载能解决的问题。一定是因为我能力有限，或许一个高校大学生，一个学期内应当完全有能力处理10门课吧。但是，您在10门课大军即将压境而过之时，还骤然缩短他们的行军路程，这就有些离谱了吧？几乎每门课都被或多或少压了学时。概率论老师真的讲得超级超级超级棒，但是他担心自己会讲不完，讲话真的也超级超级超级快，有些需要细细琢磨的话，“唰”的一下从脑海中过去了，抓都抓不住；量子力学老师的ppt上都是对某些定理定律的数学推导，但是他有时候会疯狂跳过，并解释说，我们需要理解的是物理意义而不是数学推导，可是知其所以然比知其然更重要，我不知道这是不是压缩课时带来的后果；复变函数从48学时压到了32学时，而且课程中间出现了长达两个星期的空期，我们去干什么了？啊，原来是忙着嵌入式开发啊，是我没有理解他们的良苦用心，这两个星期正好巩固一下之前的复变知识啊！更别提数理方程这种只上了半学期的课，什么积分变换法、傅里叶变换法、拉普拉斯变化法，统统没讲，于是对着某些二阶偏微分方程大眼瞪小眼的我好像一个傻子，最后还是自己去看了教材。猛然间，我想起了刚入西电的时候，学校推行的线上线下同步学习大法。于是我悟了，原来学校压缩学时，是在督促我们自己努力学习、艰苦奋斗、锻炼思维、举一反三！反正结课考试的时候也不考，您上这么多干嘛呢，您说是吧？这样安排课程是在传授知识吗？压缩的学时去哪里了呢？哦，原来是创业基础之类的课啊，实在是太体贴了，担心我们会铺盖一卷校门一出，热血沸腾去创业。话题扯远了，其实这次荣登知乎热搜榜，还是得夸赞jwc这手拉扯之高。半个月之前，就有老师曾经放出风声，说是因为疫情，今年期末考试大概要提前了。一时人心惶惶，毕竟我们还是一群课都没上完的大二学子。这时候，他们站出来辟谣了：没有的事！大家安心学习吧！于是众多大二学子又安心地踏上了学习新知识的征程。就在大前天，一名英语老师突然说英语期末考试要提前，因为疫情原因，考试要提前到下周。于是又是一阵骚动，但他们又站出来了！一切以下发的红头文件为准。但是大家依旧很担心，毕竟空穴来风，谣言并不是凭空产生的，更何况还传了两次。然后，就在昨天，红头文件下来了：期末考试提前。对于这波极限拉扯我真的赞不绝口，说不出话来。合着这是把我们当羊养，上演现代童话故事《狼来了》是吧？一时间愤怒的情绪和急需解释的心情涌了上来，大二学子纷纷拿起手机，拨通电话，得到的却是胡搅蛮缠、赖皮一般的解释。“本来一开始要军训的，那两周你们不是安排你们上课了吗？怎么能算提前呢？”原来我们学校的校历只是个摆设啊，那没事了。“结课就考试呗，这怎么能算提前呢？”原来您是大佬，觉得这10门课可以学一遍就会，不需要复习，那没事了。还有一上来就把学生理论了一通的，学生很礼貌地说，您好好说话可以吗？大家都是高学历的人，怎么能说话没有素质呢？“我没有高学历。”原来西电行政招聘的时候门槛不高啊，那没事了。更有半个月前与昨天打电话心口不一者，形形色色，最后他们把电话线拔了。我好像进入大观园的刘姥姥。着实过了会眼瘾。你和我说功夫在平时，提前考试，大家都一样，都很公平。我笑了，原来大家都不公平就可以等同于大家都很公平。“台上一分钟，台下十分钟”，任何事情都要反复训练才能更加熟练，至于功夫在平时，驳斥的是那些妄图抱佛脚的人罢了（没有歧视的意思，大家都很辛苦，也不是所有人都只有学习一条路）。反复无常、心口不一、出尔反尔，原来捉弄学生是这么好玩的事吗？提前期末考试是什么军事机密吗？你藏着掖着不愿意发红头文件，非要等迫在眉睫了才开了个所谓的座谈会，一拍脑袋发文件。据说还听取学生意见做了调研，哦，原来我不是西电学子，我不配参与调研。据说是因为想让学生早点回家过年，我一翻日历，2月1日，哦，原来提前期末考试，过年也可以提前啊。你说是因为疫情，我们仰观全国提出期末考试日程变动的各高校，北邮等北京学校，上完课直接放假，线上期末考试；隔壁西工大虽然也提前了期末考试，但是早早发了通知，让每一个学生可以尽早做好部署，不至于手忙脚乱。学习的高效一在心无旁骛，二在合理规划。合理规划，指在一定的时间内完成某项目标。你直接大手一挥，给我提前考试!可怜西电学子又要压缩时间重新规划。实验楼已经开始灯火通明，西电学子需要在短短的时间内，补完尚未结课课程的作业，准备这周末的四六级考试，准备下周的C2测验，无缝连接期末考试，这期间，还要和考研的学长学姐抢座位。心疼那些通院学子，考进所谓的全球第一专业，每天都在抄实验报告、预习实验、做实验的魔鬼循环中，也不晓得他们学会了什么。我有一位通院姐妹，某一天四门实验，午饭都来不及吃。我还见过寒冷的傍晚，有几位同学拿着开发板，在广场上做实验。还有很多很多其他院的故事，我不是很清楚，暂且不表。我担心会有同学复习过猛出现某些突发状况，这是我不愿意看到的。他们或许觉得没什么，只不过是一次成绩，可对我们这些学分比天大的学生来说，一分两分就是云泥之别。记得教育部曾经下发通知，禁止高校竞赛保研。他们呢，堂而皇之地将竞赛保研取消，却将那些奖项的加分提高到20分。试问，这20分加上，又有谁能超过？这政策换汤不换药，改出来有什么意思吗？一手要成绩，一手要竞赛，却还提前了期末考试，我不知道竞赛大佬们是否有被打乱脚步。最后说这军训。180交了，衣服物资领了，军训迟迟不来。我不知道西安疫情那时严重到了什么程度，只知道许多比西安严重的地方，譬如北京上海，他们的学生大多都成功军训了。呼，没想到一口气写了这么多。我是个很怂的人，不知道这么多发出去会有什么找上我。如果之后不幸删了，且看且珍惜吧。还有九天，我们都有光明的未来，大家要注意身体啊。
13,西电教务处现在的问题已经不是考试推不推迟的问题了。教务处的那群现在已经不做人了，把“不解决问题，解决提出问题的人”演绎到了极致。有20级的一位非大陆学生，因为在b站上传了相关视频而被教务处威胁。是什么样的垃圾才能对自己的学生搬出这样的威胁？我只能说西电nb。就怕以后毕业了出去都不敢跟别人说自己是西电的。我以西电教务处为耻。附加一句名言，送给西电教务处。
14,学院和导员已经鼓励大家通宵复习了，但是要注意安全，和同学一起吧，这样你猝死的时候有人给你打120，卷吧卷吧，西电人
15,不匿，我想试试学校会不会找我，听说有个xd被威胁了，说让他政审不过学校这波操作就是，学校领导怕担责任，怕被上级领导说不作为，上级领导说让提前放假，好啊，那就提前20级的考试，学生？与我无瓜，我只要不丢乌纱帽就好。学生的前途？对不起，与我无瓜，学生们要是考不好就是学生自己没好好学习，与我无瓜。什么？实验多？大作业多？不好意思啦，那是你们学生不会合理安排时间。多么完美的理由啊！这就是西电“我为群众办丧事”的教务处。
16,我简单找了些教务处对这件事的回复和相关文件截图，欢迎大家补充https://github.com/hhhfccz/xdujwc_response
17,即日起都别玩游戏了，尽量别通宵复习，大家一定要在保证身体健康的前提下复习备考；目前书院已经出现了个别极端情况，如果近期出现身体严重不适，大家【第一时间联系医院、家人、我】；校医院急诊电话是029-88201203；买过学校医保的同学，最大化报销的流程是：收拾好必要的洗漱和学习用品，先去校医院急诊，根据医院要求和流程转送至五二一医院，在五二一医院接受进一步诊断和治疗，这样医保是报销最多的。【期末考试】因疫情形势变化，2020级学生本学期不安排军事训练，学生课程于本周（第16周）结课，学生结课后进行期末考试。2020级学生期末考试时间为12月24日-31日。大家抓紧时间复习。@全体成员拿20级祭天给XX送行
18,吐槽考试时间提前是可以理解的，但是吐槽考试多的就多少沾点了，去年微院大二期末考试可也是7天8门考完试的。
19,还行吧，也就刚上完课，过个五六天就开始考试，也就是老师水平参差不齐有的老师讲课烂到一点不想听，也就是20号左右还安排了大物实验等我考试，也就是17号还要考四六级，也就是西电这样优秀的一流高校能做出来的了。啊对了，西电学子真的很优秀，这不代表西电很好，西电就是对前面的人极度扶持，后面的人，也就那样吧。
20,对教务处只有一句话：
21,周一到周三是上课，周四开始考试，是不是一周半？但是问题是给我们之前的时间，就是说让我们让我们还有两周的复习时间，对不对？谁给你们要两周的？那效率上是不是那么排的嘛？之前为什么要辟谣呢？你看清楚，校历是针对大一和大三、大四的，你们因为大二的前面开始有两周，那为什么不早说呢？那为什么咱们不能早说这个事情呢？为什么非要赶在这么紧急的时候呢？为什么要赶在这么紧急的时候说呢？那之前为什么没有没有下发这个文件呢？你好，请问为什么之前就见到文件见到你的课表了？是见到我的课表了。这之前我的课表上面还写的是还写的是二二十写的一月六号啊你的课表是你的课表是不是到十六周学是到十六周结束。他跟你们说了，第一周、第二周不军训，直接那有告诉我们十七周考试吗？你们结十六周结束了以后，是不是就是后边就考试，我们认为是复习周啊第二年了。对啊，我们认为是复习周啊，我们去年也有也有时间也有时间复习啊一等开始的时候就就是周周三上完课，周四就期末考试。我们大一不是这样子的，我们就不是我们绝对有绝对有复习时间，你希望你不要那个空口无凭，你去看一看呃倒倒回去看你呃大一的时候的期末考试文件都在教务处主页上挂。那那那那我但那为什么您说一下这次有这么多反对的声音，是不是因为提前没有告诉过我们这个事情，你们自己把你们原来大一呃第一周、第二周的军训时间呃取消了，以后，教学时间往前提了两周，你们是因为我们自。行吗？您说这是我们自己的原因吗？是因为我们自己的原因吗？是按照是你们的教学周是十六周，您的意思就是说现在造成学生这么多怨言的原因哦才给你们安排。您听我说一下，您认为现在是学生这么多怨言的原因都是因为我们自己，是吗？学生有多少怨言都正常，因为五个手指头还不一样长短，对吧啊有的人还希望我们今天就考试让他回家，您知道那个是为什么吗？因为他希望大家都不会都不会考试。您知道大二有多少课吗？您您您想过大二有多少课吗？我要不知道大二有多少课，怎么能把期末考试文件放到教务处主页上领导签发。那您知道有那么多课，为什么您觉得能复习的完呢？复习不是要求你跟。你高考一样在那炒剩饭，复习一年的时间。大学的教学就是这门课结束完了以后，复习两三天就要考试的，这就是大学的教育。那您给我们两三天您给我们一科复习两三天了吗？我们现在有那么多时间复习了吗？大学的学习就是学习新课程的同时，你要自己要挤出时间去复习旧课程。那我们微院刚刚进攻实习完呀，我们那周等于我们整个下午都没有啊，你精工实习的时候，你也有可以有时间，我进攻时期我只有晚上的时间了呀，我等于我们下午完全没有时间呀。我们我们现在都还没有结课呢呀，有些课你什么课没结课啊？我今天上午还在上课呀，我今天上午上了英语上了大悟，我怎么没有上课啊？你上的英语大悟。这是第十六周，十六周还没结束呢，肯定这个这周就结课了。那我。我复习时间在哪儿呢？一周、十七周，给你四天复习时间。给四天意思就是说四天复习时间给我们复习这九科，对不对？还有以前就是有复习时间、期末考试文件。那您早说呀，为什么不早说我们大二的这个复习的事情啊？谁也没有剥夺你的大二的父亲，您剥夺了啊那你说我剥夺了那就是我剥夺了吗？那不是您剥夺了吗？那不是您剥夺了吗？你们想出来这个问题，是不是剥夺了我们的复习时间？这是学校的决定，我如果有权决定话，我可以告你，让你春节那天去考试，你愿意吗？我愿意啊，我为什么不愿意？现在只要延后考试我都愿意，我等于剩下五千。那您我我记得您现在上午开了座谈会，对不对？座谈会有没有说这个投票的问题，咱们是不是？说去说是考虑了学生的意见，要不咱们做个投票，就在学校官网发看一下咱们学看一下咱们学校怎么投票，好不好？那您征集到了学生的意见吗？投出来了吗？那您征集到学生意见的紧张，教育部根据疫情的研判做出了各种决定，你咱们能违反这种防控这个要求。那不那大大一照样是不走的呀，大一照样到一月十六号，大一的教学活动没进行完，你你这样考试。那我们大二那个军训不训是我们的原因吗？我不跟你说军训取消了，军训的是军训取消了是我们的原因吗？军训取消是我们的原因吗？上课时间给了你，你难道就忽略了吗？那我们确实我们去那我们大二难道不在西电那个学校里面？为什么我们的所有时间都跟别的人不一样啊？这能是我胡扯吗？你打。意思就是说您没有上的课，那为什么您大一是不是从我们都开始是从第一周开始上的课，现在十六周，是不是给你学校给你完成了十六周的教学活动？那您为什么为什么没有提前说我们大二要考试啊？你大提前告诉每个学生都知道课程结束都要期末考试，还有其中每个学生。那为什么大家都这样有怨言呀？那如果是大家都知道为什么会有怨言？我刚才就给你说了，五个手指头还不一样长短，人要从全局考虑。但我想但是老师，我现在压力很大，你这样你这样子搞得我真的压力很大，而且这是考试是必须的，学生结课，而且也没有剥夺了你们一天的教学时间，我现在就是压力很大，你这样这样子。安排啊你你压力从何而来？这压力我就认为我是一月四号的考试啊，我就认为我一月四号考试啊那就是说你说要你放到跟大一的一样考试，大一的也有意见，凭什么他大二的要复习那么长时间？大一为什么会有意见？你问问可能会有一个为什么会有意见？你大二为啥那么早结课，而且复习那么多时间才考试，我大一为啥今天我们影响他们吗？请问我影响他们什么了？那你说你你有意见，人家也会有意见的。那您问问呀，您这您有问过吗？学校有问过吗？你为啥你你就光为自己考虑嘞，您就是这样胡搅蛮缠，您为什么只会为为这样子辩护呢？我没有辩护，我是实话告诉你，就是给你完成了教学活动，教学活动结束了以后就是考试，考完试以后你们就放假，我现在压力很大，我就这样。做你别别跟我说压力很大。首先我没有剥夺你一天的学习时间，对不对？有没有剥夺你一天的学习时间？剥夺了呀？肯定剥夺了呀。你哪天我我们后面两周啊到一月四号之前的呀，谁告诉你到一月四号，你们那谁为什么之前不告诉我们呢？是十八周，为什么之前不告诉我们呢？之前一就告诉你了，什么时候说什么时候课表上什么事说了吗？你别在那喊说了吗？赶快去复习。课说了吗？你别喊了，有这功夫还不如去说了吗？什么时候说了？课表上有吗？课表上有考试时间吗？课程结束是十六周，课程结束就是考试，是吗？课程结束完了。第十说了吗？再说了吗？考试。你是大你是大二的学生了，你大一怎么过来的？我大一正常复习过来的呀。我大一知道复习时间呀，我大一这样。什么时候考试啊？你别给我喊，我为什么不能喊你给我喊，我也我也没办法，您就只会这样子怪学校。所有问题都甩在学校里学生身上。没有没你没有，不要哭，你没有。有酷的功夫，咱有这时间就去好好复习去了。谢谢您这么跟我打官腔，谢谢您把所有问题都甩到学生身上，谁甩你身上了？你也不要把问题甩我身上，我也没把问题甩你身上，我是给你实事求是的给你解答，您就没有实事求是。可以不愿意听的话。
22,如果学生对学校的行政管理有异议可以写信到校长信箱xzxx@xidian.edu.cn进行反馈。诶，校长呢？哦，原来你电没有校长啊
23,感觉今天还是很热闹的对于教务处的蜜汁操作大家也都表达了自己的看法不看手机了晚上还考试呢
24,文件分享真TMD是天使啊。五个手指头有长有短是吧。意思就是我个垃圾不配来你西电呗。那你TM当初给我发录取通知书干嘛。儒家有教无类让你喂狗了是吧。你西电多牛啊。成电连你脚趾头都比不上。我*******
25,感觉快崩不住了本来心理就有点出问题现在彻底完了真想一了百了看着楼下就觉得跳了算了人生重开吧但又不敢死
26,我现在真想死，明天上北门外面让车创死我得了，一了百了，大家都省事了。
27,情况不太妙本来我以为选修课八学分整的大伙稀里糊涂也就算了，连期末考也能整，真的是太离谱了——不过倒也正常背后的原因令人暖心！！！为了防止西电学生内卷，jwc决定提前两周考试，让大家都为及格线奔波，真是太棒啦呕呕呕、、、
28,教务处：有空刷知乎，看来还是太闲了。考试再提前一周！记着不要提前通知，以免引发恐慌～
29,离了个大谱
30,有19级考的时间的消息吗，蹲一个
31,心理压力是真的大，破防是彻底破防了，前有电赛三天刷夜后期中考试，后有不提前通知考试周提前，我不明白教务处这帮人是究竟想怎么样？现在大作业和各种考试都压着，你告诉我提前考试？我感觉自己的一切计划都要作废了！我始终想不明白教务处非得和我们大部分同学形成一种对立的局面，按照之前考试不好么？https://www.zhihu.com/video/1454187456769310720
32,只想说西电你这么做我看不起你你是不是瞧不起我们20级，招你惹你了
33,无须多言。只能说，这在西电倒也正常，可劲逮着20级折磨。从谣言辟谣到正式公布，还能说什么呢。补充一点。还有一些离谱的补充一点关于整体安排的：18号英语四六级，大二目前绝大多数人是这次第一次考四级。20～24号有物理实验测试考试。往后，研究生入学考试也在月底。同期，大一依旧上课，上课教室一般与考试教室一致。着实难以理解。—————————分割线——————————破防的一幕。
34,我都以为这事告一段落了结果有同学居然吐槽被学校联系了，冠以什么政审之名我真是吐了哈哈哈哈哈哈，西电啊西电，管理层啊管理层，你真就是干啥啥不行手段一大堆是吧？？就**看着你那点b利益！就****守着你那一亩三分田！就守着你那小蛋糕！你自己走到校门口看看那几个大字！“为人民服务”，你真行啊你真棒你真棒你真棒你真棒你真棒你真棒你真棒你真棒！我坐飞机到你们坟头偷吃你贡品***的！之前你可以说教务处临时工这你怎么说？这你怎么说！要我说你成分复杂你是个**！不为人民服务，你真的宣誓了吗？教员的话到你这一波是不是一点没听进去啊？啊？啊？啊？是吧我乐了直接------------原回答----------------我今天终于见识到了西电的行政能力，很多同学甚至都没有结课，之前问了很多次教务处“不会提前，谁提前你举报谁”。而今天却说提前了，完全砍掉了两周复习周，这周上课四六级，下周考试。西电我恨的是你根本不考虑学生还天天那里为人民服务基层出发。我恨你行政效率低，下周考试，这周文件。我也恨你出尔反尔，反正学生奈何不了你呗，你开摆就完事了呗，永远不关心别人的教务处，永远走不进学生的心里，你只关心你自己那点b事。你没有热水宿舍暖气报废，我忍让。你做事面子工程征集学生意见结果p都不改啥也不看，我忍让。你课程安排不合理，朝令夕改数次，我忍让。你活动前一天下文件，我也忍让。你疫情让几千人排队进一个门，上不了课，我也忍让。你对同学说“谁跟你说提前了学完考不是太正常了我们从没有辟过谣说不提前谁辟谣你找谁我学历低”我也觉得大家都有气过头的我勉强忍让。而现如今我只想说报你这个逼学校老子真不如remake，你只在乎你那b双一流头衔你只在乎你那b高校头衔。你真是好啊！西电！你做的好啊！西电！赢！
35,在学着明辨是非的学校中贬斥着“挺身”，看到提建议的人都被处分了，最后想想还是私下骂两句得了，然而夜深人静，回想十几年所受教养，明辨是非，正直勇敢…叹息一声，在这种又烂又臭的事情中自责自己不能站出来，后来渐渐的就麻木了，然后主流媒体还在呼吁新的一代年轻人教他们有正义感。可是左右我们活不到那么长，只是我一个人不“说不”而已，也肯定没法看到这世间烂了坏了吧，然后后来我们也成为了精致的利己主义者，面对十几二十的年轻人的意见，面无表情的压下，事后为自己“少找了一个麻烦”而庆幸不已。可悲可笑的是，我说这些又何尝不是懦弱？匿名之下，慷慨陈词，不过我也看见了，我最后也是那样的结局。
36,从八个一以来，经历了许许多多奇奇怪怪的东西。。然后今天看到这么一个消息，确实没能看出来：我为师生办实事在行政方面上多大的进步。说实话这些决策，已经有些脱离群众，脱离实际了。顺便提一嘴，临时通知，这事好像已经不是偶然。还有觉得学生自学完全没问题，也不是一天两天了。曾经就有过几个老shi也给我们吐槽过，xue校有时候真的把学生当天才了，但他们没办法，我们更没办法。还有一些“关聊作风”“踢足球”“打太极”也不是什么个别案例，许多人都遇到过。这些事情多了，让我们还怎么完全信任？或者是，还让我们如何信任？
37,我向来都是尊重学校的，就是那种我不容许外人（非西电生）说她一丁点不好。我只是对学校有些失望。当十一月份谣言四起的时候，jwc给了肯定的回答说：不会提前考，还说了又说会在17，18周加课。这样的出尔反尔，我不知道是不是一个力争一流的211高校该做的，我只知道诚信是最基本的道德底线。我想学校的校训也不是单单说给学生们听的吧，“厚德”，在jwc我是没有感受不到了。而且如果说真的是为了最近的疫情，那么最近放假，让大批大学生在城市最拥挤的地方—各大交通枢纽穿梭，这又是在做什么，鼓励学生去密接吗？我不太理解。又或者说这次提前是为了防止未发生的疫情，那学校为什么不早做打算呢，早该正确制定校历的啊，我们不是要力争一流吗，为什么这点考虑安排都没有。可笑，真是可笑。已经开始着手复习了，也对垃圾的行政不报任何希望了。突然想起来一个问题，最近西安疫情紧张，我就想知道，倘若31号西安的疫情没有完全消除，还是有些紧张的状态（因为最近长安大学出现了疫情），20级的本科生真的可以安全地在2022年的第一天到家吗？认真的说，这样真是对全国疫情防控的尊重吗？我不理解，这种所谓的为疫情考虑是做给谁看，没有落到实处，然后你告诉我，这是“大局观”，学习如此紧张，还天天整大扫除，怎么，是上次查卫生，校领导没来全吗，真的可笑啊！又或者是不是又要在考完后，再以疫情防控为由，跟我们说留校一段时间，我无法相信我们“诚信”的教务处。向书院申请晚上不断电，结果书院说不行，担心我们熬夜过晚对身体不好，熬夜确实对身体不好，但是不是每个人都会时间管理，持续高效，有时候确实是需要时间去弥补不够高效的空缺。这样的“关心”，就好像是，别人捅了你一刀，你很痛苦，然后他再多捅你几刀，说是为你好，直接给你送走，就不用痛苦了，真的是用心良苦呢！晚上看到了在b站上发真相视频的同学被约谈了，我想说，我们好像只是学生，学校好像也是避风港，但是，是我tooyoungtoonaive了！可笑，可笑啊！有位同学因为这个，入党积极分子的身份还被取消了我不知道那位同学有什么政治错误，如果说真话是的话，那可能只能当哑巴了。我不知道说什么了，或许这就是“吃人”吧，
38,去年我在家跟我爸妈说考研的事，我爸一朋友大手一挥说，“考什么研，我侄女一个三本出来的，找个领导老公，花六万块钱买了个研究生学历，然后去大学当老师了，她们那都是这样的”，学校的具体信息以及职位我清楚，但是大概率就是行政吧。每个学校的行政，永远是学校拉后腿的东西，大部分人拿着稳定的工资，稳定的划水，到了期末忙两天补补漏，之前有幸在综合楼吃饭的时候听到学校俩行政的人在抱怨今天填了好多表格，弄了好多资料，太忙了bulabula。可能对他们来说，没事干摸鱼划水才是正常工作吧。
39,“我真傻”，某电20级学生抬起他没有神的眼睛来，接着说：“我单知道某电会突然脑子一热，乱下政策；我不知道它还会秘籍‘反复横跳’，‘腚级拉扯’。上个月月末，我老早就询问了‘提前考试’的事情，它叫我不要相信‘谣言’，‘不可能提前考试的，课都没上完’，并支持举报‘造谣’的老师。我是很听话的，它说的话句句听；我不着急了。我就按照正常的作息安排时间，学习，顺便打打游戏。还是有老师传‘谣言’，‘提前考试’，我没有信；同学突然告诉我，确定没有我的期末复习周了。我急了，到处寻找我的期末复习周；在班群里，年级群里，各处去一问，果然没有了。直到下半天，寻来寻去，满打满算只能找到四五天的复习时间。大家都说，遭了，怕是遭了某电的毒手了。再一看，果然，在官网上，我的期末复习周被吞掉了大半身躯，它的头上还站着没上完的课呢。……”他接着但是呜咽，说不出几句完整的话来。
40,可能我是太垃圾了，不能在一周内完成三个大作业和期末复习，四六级考试，物理实验考试吧
41,最让人破防的两点，教务处一顿逼逼赖赖拉扯，最后突然提前考试，美其名曰没有军训，但我寻思，开学就知道了没军训，为什么现在才出安排呢，这就是你电的及时性？第二，其他年级不提前，只有大二提前，（只有2020级会感染新冠l），教务处还b拉扯我寻思你那些b说辞，大一是军训了？反正我是不配在你电了，摆烂了，挂就挂，十五天考10场，还jb有大作业，现在对喷学校的的话语，我都感觉词穷，只能说一句，西电NB希望学弟学妹不要被这学校骗了，如果你想体验最佳行政的话，到也可以来，去985或者其他学校不香嘛，在这真的是受罪。ps：更加破防的是，竹园又没暖气了，今早又被冻醒，我只能说怒气已经快溢出了，死学校一个
42,《奋进一流》
43,传统美德，我放着这么多985不去，来你这211，我悔，我恨
44,对不起，这只是我的个人观点，如果伤害到了教务处我只能说抱歉，纯属主观看法，我也不是很会说话，大家都说我内向…诶呀不好意思…希望教务处体谅…就是…你们真的恶心透了，就像一个在现代社会还在街上光着身子，将自己稚嫩的、无知的、反人类却又带着点天真的大脑暴露在公众面前的野人，像温室里养出来的蜣螂，吃着大棚里的白菜，滚着后腿上的粪球，嘴里却念叨着“不要玷污了这干净的环境”，还不如生在厕所，连个一起滚粪球的伴都没有。对不起…我可能就是…不太会说话…希望教务处不要误解我的意思…我说的就是那个意思，你们恶心透了。​
45,说好的不传谣，不信谣，教务处快处罚自己
46,窝电某些同学还是太年轻、只能看到弊端，不能想的更深远。提前考试虽然复习时间大量减少，但由于西电混子数量远超你我的想象，考试结果会非常难看。根据19级疫情回来的考试经验，老师会施展各种玄学捞法，最后100%通过，挂科率大大降低
47,1.先传言再辟谣再正式通知朝令夕改！是学校行政该有的作风吗？2.大二课业繁重，为什么单单提前大二的期末考试？为什么不按校历？校历的存在仅仅是为了佐证西电教务安排的滑稽可笑吗？3.这周结课，下周就考试，每个院都是八九门，期间还有四六级考试和物理实验考试。无视学生客观存在的课业压力和身心压力。政策制定真的合理吗？十天复习九门课还有四六级来得及吗？还是学校就是在暗示有所取舍，甚至有辅导员暗示建议四六级裸考！4.这周仍在上课，老师连应该上的内容都结束不了，说同学们课后自学吧。这是合理的吗？学校期末考试的安排导致砍掉课时？难道我上大学的意义就是来学校看网课自学？我爱我在西电的生活，我在西电遇到了很多可爱的人。我可以说我很久以后都会怀念我的大学时光。但是西电行政，你真的太烂了。我爱我的学校，却无从为她辩解。我的外校同学说西电这波操作很离谱，我想说西电的好话无从开口，想骂却心里难过。西电行政你对得起同学对母校的感情吗？可笑的教务处寒了多少人的心？这样的西电是值得我们热爱的吗？我该如何和朋友骄傲的提及我的母校？我该如何和学弟学妹夸赞西电鼓励他们报考？“提前考试对所有人是公平的，因为对所有人都不公平。”
48,我不知道为什么这道题本来一百多条回复，经过半天就变成了这么二十几条，我只是感觉很委屈很绝望。我不能理解为什么学校提前考试不早点发，之前辟谣都辟了什么，真就变脸比变天快说一套是一套，说过的话就那么不值钱吗。本来课就又难又多讲的又快实验又多，就掌握的不是很好，想有那么一点时间好好复习整理一下迎接考试，这下可好直接整破防。这周专业刚结课，周末就要考四级，下周三就要期末考试，关键还有一堆一堆的论文大作业这个月截止，我得有多少个脑子多高的智商才能在这么短的时间内干好这么多事。更可笑的是，下周三考python的前两个小时，我还有一节体育课要去上（体育还没结课）。我考试了诶，就不能给我合理的时间让我复习复习功课吗？我做不到一听就会一做就对一考就行是我不配了。（我不知道该怎么办，很害怕，以上只是我的心里话）
49,西电教务处那帮酒囊饭袋腐败的很，他们早就想提前放假了，然后传出来了又辟谣，现在现原形了。西电的领导不把学生当人
50,只能说来这学校是我sb，以前在网上骂西电的我还会对线维护学校，以后我将带头冲锋！！！！活该你电进不了双一流！
51,在这段时间的&#34;拉扯&#34;中，我一直不愿相信要提前考试，因为我再怎么分析，也找不到合理的提前考试的理由。我妄图以理性揣度学校意图，结果发现还是我太天真。懒得再看什么、分析什么了，能学多少算多少吧。------------分割--------------1.吞赞严重，某乎你就净跟某博学吧，在这个话题下收到的赞和点的赞都不显示。2.试图引流，听得更难过了。【《学生有怨言很正常》-哔哩哔哩】https://b23.tv/C0v57DT
52,上辈子做了什么孽这辈子在西电上学
53,感谢西电偏爱20级。感谢让我们猝死和不挂科二选一。
54,在11月底应该明确给出学生答复的时候，西安电子科技大学教务处称不会提前考。而在12月中旬学生各项任务繁重时，西安电子科技大学教务处却下发通知提前考试下周开始，打乱了所有学生的备考计划。我不反对提前考试，当我想谴责的是教务处这种不考虑学生实际状况，肆意妄为的态度。要提前考试就要提前至少半个月告知学生，甚至在开学初取消军训时就应该修改教学日历。我彻底对西电行政失望了。恶心，呸，恶心。
55,我为师生办逝事，真是你啊西电，呵呵了
56,彻底破防了，干脆不吃不睡补天了
57,倒了几辈子霉来这个学校，毫不夸张，细想每天都能被行政无语到，懒得看，今天纯纯破防。但凡提前一星期或者早点说会提前哪怕最后不提前改了也没人这么说。谁都知道这个学校有军校历史，之前相当辉煌，谁都知道你的通信工程世界第一，谁都知道这两年有校友为航天事业做出了多大的贡献。除了这些，随便抓几个学生问问，他们能夸出点别的来吗？别抱着老一辈的东西啃了，就现在这个行政水平，你觉得赶得上咱学校人工智能院开发的东西不？动物都知道天冷了屯粮，我真不懂为什么临到头了在大作业一天好几个的最后一周说提前到下周考试。我也很伤心，我特别希望大学也还能有校园荣誉感和归属感，能给大家夸夸我的大学，希望向还没高考的学弟学妹狠狠的推荐西电，可是这样怎么说呢？现在想想，自己把大学时期当成人生的一段教训和磨练也是一件挺悲哀的事，但是毕竟不能后悔，就这样吧。
58,不要靠近西电，会变的不幸希望高三的同学们避避雷不说了，学习去了顺便再骂一句：傻逼教务处
59,jwc就是歌姬吧
60,现在西电考试这个事情很火，作为破防最严重的通院学生我想说一下自己的整个学期的心路历程，真的是不吐不快。大概说一下我们通院大二的课程和实验：微处理器系统与应用，电路分析基础，复变函数，大学物理，数字电路逻辑与设计（数电），马原，大学英语，概率论物理实验，电子系统设计实践，电子线路实验，微处理器实验，电路信号与系统实验还有一些水课（创业基础，工程概论，形势与政策）和选修就先不说了，虽然很恶心但也不至于破防，就不提了。说一下，从开学初开始就已经有点不对味了。一开始我们的实验是没有通知电子系统设计实践，电子线路实验，微处理器实验这三门的。我们选课是在不知道有这几门实验的情况下进行的。这时候就已经出问题了，我的课程完全是按照学院推荐时间选择的，每门课都是固定时间的只能挑老师。结果我就中大奖了，我的课程冲突了，记不太清大概是大学物理，创业基础，工程概论中之一和马原冲突了，因为时间是固定的所以我怎么调整都不行，只能打电话给教务处。西电的行政之混乱从开学初就可见端倪了。接下来是实验选择。一开始通知的实验只有物理实验和电子信号与系统实验，电子信号与系统实验时间是固定的，但是物理实验是要我们选择空余的时间学习的，我按照目前的课表进行了调整。大概正式上课一周多，记不太清了，又通知了电子系统设计实践这门实验并让我们选择时间预定，一共要约十次。但是因为物理实验的缘故正常选我选不够十次时间，所以我一边打开物理实验一边打开电子系统设计实践协调。之后更恶心的事情发生了，过了几天学校通知了电子线路实验并直接安排了时间，我的物理实验和电子系统设计实践和这门实验很多时间都冲突了，（据我所知好像还有和理论课冲突的，我还挺幸运？）我调整了三个小时才协调好了时间。之后又通知了微处理器实验，跟这两次一样就不再赘述。接着说一下课程内容情况，我的问题主要集中在数字电路逻辑与设计和微处理器系统与应用上。数字电路逻辑与设计不知道什么毛病要求中英教学，中文授课英文ppt，老师也讲的稀里糊涂的听不太懂，快期末了我只学会了前四章（我承认有我的问题，是我太笨了）。微处理器系统与应用更离谱，第一节课直接搞炸我心态，老师在台上不断用我们不知道的术语来解释另一个我们不知道的术语，自己水平还差的离谱，二进制都能写错，写个程序改了20分钟才改对，这门课我也听得云里雾里的。实验情况更是重灾区。问题最严重的是电子系统设计实践，每次实验都是学生自己看教程自己做，老师跟个大爷一样往旁边一座什么都不讲。学生做出来了是本事，就我而言虽然做出来了但原理什么的都不是很清楚，其实什么也没学到。没做出来也不知道有什么问题老师也不讲就摆烂。国庆要放假前一两天突然发布实验要求学生在国庆结束时提交，我当时真的很破防，本来国庆就想回家，好好复习一下前面的内容，给我来这出，结果国庆七天全在学校度过。11月23号突然通知11月26号提交学期初布置的所谓期末前提交就行的实验报告。11月28号要提交焊接板，12月6号要求提交广和通制作产品，没有老师教，又是只有教程，但是我什么都不会只好跟着组员混，我觉得对不起组员，我是个混子，但是为了分数也没办法。还有电子线路实验，微处理器实验也是叫苦连天，甚至出现几个班级全军覆没，没有一个人做出来的情况。老师按着ppt念个30分钟人就消失了，全凭学生自己摸索（我觉得我也可以当实验老师了，我又行了），甚至还出现了改题目的情况，提名某李姓老师。我和我的舍友同时间不同教室做同一个实验，我的舍友任务要求总比我的简单，甚至出现增加任务的情况（舍友的led灯只要求做两个流水灯，我还要多做一个流水灯），但是却丝毫不提对于我们的实验结果有没有加分（按照常理难度大得分应该提高）。这几门实验收到了广大通院学生的投诉却没有任何改观，有的老师做贼心虚，学生出门上厕所关门声音有点大他还以为学生出去投诉去了。接下来就是考试提前的通知，一张图概括就够了今天是12.15，昨天下发通知12.24开始考试，只剩9天，我需要准备四六级，物理实验测试，英语小测试以及上面所有正课的期末测试。我还需要提交微处理器大作业，数电大作业（刚刚接到通知这两个作业推迟到寒假交，真不愧是西电，不会真以为这能弥补什么吧？微处理器还好说，数电大作业可是小组合作的，就一块板子放假了我上哪找组员做？）我现在的课程进度：复变函数和电路分析刚学完还没复习，概率论和物理差一章，英语裸考，数电就会四章，微处理器p都不会，我知道我是废物，我不配了，我破防了。越写越难受，连高考都没有让我这么无力过。就目前我所了解的情况，19届是大一就学了微处理器这门课，并且他们的微处理器实验是用c语言写的，他们也没有广和通大作业，而20届不仅专业课全堆在了大二，并且实验数目增加实验难度也上升了，我只能说20届给管理层当了大类招生的小白鼠，这学期就这样吧。我配不上西电，但我会尽我所能告诉我的学弟学妹不要来西电，来了的我也会尽我所能告诉他们不要来通院，感谢管理层。
61,不请自来
62,众所周知，我电一流的学问，二流的的后勤，末流的行政。提前考试周的操作属实万万没想到，
63,我是20级的，就说几个很离谱的事，让大家看看现在的行政水平，取消了大一的转专业政策，原因：因为你没有分流，所以你现在没有专业，那没有专业何谈转专业呢，乖乖等着大二结束转去补你可能落下的将近七八门专业课吧，同学。哦，对了，大二专业课就算你不用了，你也得考高分哦。好不容易拼着命大一下进了实验班，数据结构上机的时候，老师：学校领导默认了你们都会，不让我讲课。！！！真强啊，我都会我上大学干什么包括现在只提前大二的考试，不把学生当人看，我只能说这个学校的行政真的烂了。
64,破防了嘉人们另外有个群————————————————群里有人回答问题被导员找的，匿了
65,有一说一大二的考试时间安排和大一互换这事其实就安排的算合理了大一课少事少周内自习时间长复习的过来大一萌新多刚脱离父母反对声浪不会很大大一刚离开家乡都想提前放假赶快再回家看看如果这个剧本真的让大一演的话多半掀不起啥大风浪但是jwc选择了困难难度了属于是为啥不留一周考试周复习?27号开考反响也不会这么大啊?
66,淦其他的事情xder已经喷的差不多了我再补充一点点：我订的机票又得改签了！！xxx，退
67,原因就是长安大学出事了
68,咱就是说长这么大没见过这么离谱的事情。本人西电大二微电子，我已经连续半个月没有周末了，感觉好久也没有完整的双休了，周六在做实验，周天在考试，平时还有乱七八糟的事情，我真的是服了。今年西电的画风就像疯了一样，早上不通知却开单门上课，我们班老师讲了十几分钟了我还没进楼；实验冲突；金工在结课前一周，我们因为课程安排半个多月没上过复变函数啥的，我真的看老师都觉得陌生；金工实习不能不去，一次不去或者不及格就全部挂了，但是学校居然在这个点安排数学物理方程的补课，咱真的不懂，目前只有微电子学这个，他们在做金工实习，所以这个补课是给鬼补的？你要是提前考，你就提前说，人家先来一波辟谣，真的你咋不直接今天晚上考，一直考的明天下午，然后直接放大家回家算了，别浪费彼此时间。
69,众所皆知，疫情只和20级学生有关系所以高考推迟是我们，期末提前还是我们。竹园学子，上最多的课，考最多的试，有最少的复习时间………mlgbd，nt教务处，p都不如
70,实验课意见征集
71,“去年折磨了大一的，今年折磨一下大二的吧。”
72,给话题加点热度，早日上热榜。（已毕业，不匿了）受害人受害前发言（来自撕逼墙评论）
73,昨天可劲自我安慰觉得学校不至于整这出烂活的我是小丑烂完了，各种意义上的
74,请不要拿“军训”来当借口，教务处那帮人就是看西安出了个确诊然后开始害怕，害怕什么?害怕的不是学生能不能按教学计划完成学业顺利考试，他们害怕的是自己没干点什么，被上级批评。所以呢?本来大一大二一起一月初考试，那就把大一大二分开考试不就好了吗?这样学校就算做出应对疫情措施了，教务处又为师生办了件实事呢。任课老师?大二学生?当然可以随便欺负了。上大学一年半，无论线上线下，从来没见过教务处的工作人员，这群人平时离学生这么远，怎么敢做出这些决策的?有问过学生意见?有问过任课老师意见?教务处老师，你们真的敢说自己配得上“老师”这二字吗？
75,着啥急，离考试不是还有三个多月吗？
76,果然西电行政在让人失望这件事上从未让人失望
77,我只能说快给我刷上热搜
78,什么牛马大专朝令夕改“不信谣不传谣”这就是西电现象
79,我是大二的学生oooooooooooh（懊恼）我不是通院的yeeeeeeeeeeeeeeah！
80,半个月前各种辟谣，现在各种阴间操作这个学期学校各种操作让我对西电好感荡然无存，只能说别来通院不知道别的院怎么如何，反正20级通院8门必修考试+英语四级+c1-2测试。在考试前还要交数电大作业fpga板子(占课程分数40％)我想不懂，为什么要给课业最多的大二提前考试提前放假?大四巴不得考完研就回家却被留到一月以后再说，你就是提前一个月通知提前考试也没什么，但就是讨厌这种辟谣又实锤的嘴脸。教务处，你没有脑子，也没有心!
81,“一西电学生校园内散步，不慎落入人工湖中，高呼救命！两教务处领导路过闻之，视若不见，仍边走边谈笑如故。学生情急生智，遂高呼“期末考试提前了”！两领导闻之顷刻奔来跃入水中拉其上岸痛骂：“我们还没下发通知！””没开玩笑，我会游泳，一直在准备竞赛和大创互联网+，提前考我肯定挂科，挂科就废了，不如1换1我回去复读看谁先玩完嘛
82,我想死学最多的课考最早的试真有你的不愧是你西电不把学生当人
83,这张图我编的哈，大家要是想高考来西电，可以参考参考我编的这张图。很不容易的，用了舍友好几个QQ号才编出来这个图片。
84,总结:教务处:029-81891206(这个电话作用不大了，打过去问候他们还是可行的)党政办:029-81891818书记信箱:sjxx@xidian.edu.cn校长信箱:xzxx@xidian.edu.cn省教育厅高管部:029-88668917教育部高教司:010-66097814教育部举报／反映网站:投诉举报-中华人民共和国教育部政府门户网站疫情相关反映(目前政策非必要不离市，提前考试以产生跨省流动，增加防疫压力):高新区疫情指挥部:029-81150215西安市疫情指挥部:029-12345陕西省疫情指挥部:029-12320教育部:010-66092315、66093315
85,明年高考的兄弟我只能说避雷一下
86,第100个回答
87,大四，虽然因为某些原因提前离开了，但是教务处的做事风格竟然让我有熟悉的感觉。帮学弟学妹们顶一顶热度
88,就算无法阻止提前考试，腾腾也绝对不认输压力迫我做了个考试项目分析。我算是好学生，基本节节到课，我有不能按时写完作业的缺点，所以不算学霸。及格仍需努力。总而言之，数据均是我的直觉记录，只有一定概率对。同志们，熬夜通宵不可取，伤身体，且效率低。同时，过度焦虑会使人没有主观能动性。请看看我的备考项目时间成本分析，然后针对自己的情况：一.我要及格/良/优二.买往年题，堆一堆，从0慢慢分析自己的水平，统计考到要求水平需要多少时间我永远记得鲲哥一句话，慢即是快，极速乃匀速。三.得出自己的平均每日学___小时，消灭焦虑感。记住，不与同伴争高低，只求足够求前途。四.不要喷我，我有感而发而已，没有任何其他意思。不要熬夜不要熬夜不要熬夜，拒绝焦虑拒绝焦虑拒绝焦虑。行政再怎么怎么样，我们每个西电人都得好好的，一个也不能少，跳楼塔玩笑就好，千万珍惜生命。
89,不知道写出来能不能好受一些，压力真的太大了，不想摆烂，但是真的压力太大了。
90,三点睡八点起阎王夸我好身体ICU里喝小米它们是真不害怕有人猝死是吧辅导员：建议四级裸考那我想问问我六级复习了这么久该怎么办
91,造谣要被校规处理，那虚假辟谣呢？
92,鲁迅痛斥当年腐败无能又凶残暴虐的政府官员，控诉其屠戮学生时这样说道：“我向来是不惮以最坏的恶意来揣测中国人的，然而我还不料，也不信竟会凶残到这地步…惨象，已使我目不忍视了；流言，尤使我充耳不闻，我还有什么可说的呢？我懂得衰亡民族之所以默无声息的缘由了。”然如今朝令夕改，变幻莫测的政策制定者，又何尝未摧残屠戮现代学生的心理呢？并不是说我们脆弱娇贵，而是代际的差异越来越明显，事业有成高位在身者怎会体味新时代下年轻人的心理处境呢？他们又没亲身经历，所以脱离了广大学生群体。大二刚学完马原，觉得里面的方法论简直好有道理，但是连官员都不会“具体问题具体分析”，都不能“从群众中来，到群众中去”，无法“从基层出发”，那么指望我们考高分又有什么用呢？我们都被困在绩效主义里，却仍要捶死挣扎。提前考试这件事太小太小，元旦节就忘了；但我们又如此群情激愤，这背后难道只是因为我们“太脆弱”罢？是我们“平时不认真准备”罢？谁制定了规则，谁就要承担责任，这是最起码的职业道德。权责划分清楚，我们才能解决问题，否则就会变成“威权”，文件就会失去效用，说一码做一码，切勿转移矛盾，这件事本质就是政策制定不到位，要学会从自己身上找问题，“批评与自我批评”。《毛选》一句送给各位：很多人对于官民关系弄不好，以为是方法不对。我总告诉他们是根本态度（或根本宗旨）问题。那些认为不是根本态度问题而是技术问题的人，实在是想错了，应该加以改正才对。
93,不明白，西安有疫情，然后学校提前考试，难道考完放假，大面积学生在西安活动，不是加剧了风险吗，不是给疫情防控拖后腿吗
94,2020级学生来这狗学校就是来受苦受难的
95,对这所学校心存幻想的学弟学妹们，快跑！！！
96,破烂大专狗都不来
97,教务处：你们懂什么，当初高考不是给你们延迟了一个月么，欠了这么久还不该还回来？？过于恶心啊卧槽nm的满打满算十天复习，十天里还有四级，实验达标测试，python院考，5000字概率论，英语一个视频还没搞，数据结构上机在月底，两篇实验报告要写考试周考要考七门一开始辟谣说不提前，现在又特么一言不合再提前，极限拉扯，你技高一筹，这波是我寄了所见之处，哀鸿遍野
98,千言万语汇成一句话，别来西电，真的，别来西电，失望透顶！！！
99,捏麻麻地你电太精彩辣jwc这操作简直是肯尼迪坐敞篷车——脑洞大开
100,没什么看法，楼顶风挺大的
101,就这了还敢有人说通宵复习不可取谁害的
102,这种行为已经完全违背了马克思主义发展观，jwc只考虑主观能动性，完全忽略了学生的实际情况。任何事物都有它自身的发展规律和发展过程。任何人为的改变并将带来不好的结果
103,20级死啦死啦滴！我们不可怜，可怜的是21级的学弟学妹，他们痛失学长学姐
104,猝死和挂科二选一呗
105,使谣言成真，保护之前的造谣者，暖心了，你电还是你电“我为师生办实事”“力争一流”生而无赖，考试乱排
106,突然这个词可以去掉，不然会有人觉得是学校的问题希望大家在知乎微博贴吧这些地方都注意一点，不要公开的说学校不好，不然就没人上当来这个学校了想起填报志愿时候和在校种种，后悔。没有入校的学弟学妹们，一定要了解清楚情况再填报啊！依稀记得老乡会上，一个老乡来了一句：骗进来再说。然后一顿饭期间，就听闻种种不可思议的事情。然后一年里被我们一一验证总之就是说，提前了，但是是正常的。那20级半期考试提前了吗？20级真的全部结课了吗？反正我的专业来说，今早上的大物都没全部讲完，但是老师说结课了。还能怎么办，结课了就是结课了呗。学校怎么可能出错呢，就算学校有百分之一的错误，我们学生连百分之九十九的错误都没有吗？
107,这次真实性看起来比上次高。等教务处具体通知（听说明天出。放过孩子吧！这周一大堆ddl，周末还有4级。期末有8门科目啊！电路大物概率论软件复变，没一门简单的。我不想挂科！宿舍里充满了焦灼的空气。然后就彻底无欲无求了。摆烂了。毁灭吧。——————————————一闻噩耗，双目圆睁，三番确认，四处问询，哀嚎无处不在。半年碌碌，期末骤至，八门科目，难度直上九天。世事难料，千般后悔，万丈深渊横亘眼前。———————12.4早—————听说下周就开始考了，大物是最后一门。哈哈哈哈哈哈哈哈真开心啊，太好了马上放假了。
108,听着很离谱但是在西电倒也正常我看西电的行政人员是要疯了，嫌西电现在还不够出名，非得整出一个猝死或者跳楼的才善罢甘休是吧！现在学校实权没在，下面的人就蠢蠢欲动想捞油水的捞油水，想着急上位的上位。我看西电今年就是太顺了没出个大事不像前几年一会儿砸死个人，一会儿跳个楼，一会儿来个抑郁症自杀的，md，到时候出个事这些管行政的一个都别想逃！
109,西电这几年给人的感觉就是一所专注营销的学校。2021招生捆绑总师搞爱国营销2021招生过程中招生老师在暗示西电已经内定进了双一流B2020大类分流政策宣传为转专业，其实2020级到现在也没出转专业方案整天说自己两电一邮，科研实力强。然后好几年没出本校院士成电北邮也不带你玩，因为嫌弃你菜还摆出一副自己很强的嘴脸，我属实是蚌埠住
110,有可能就是疫情吧，怕把你们都留下过年